{
  "configuration": {
    "exploration_rate": 0.15,
    "learning_rate": 0.0005,
    "discount_factor": 0.99,
    "target_update_frequency": 100,
    "replay_buffer_size": 10000,
    "batch_size": 64,
    "min_replay_size": 1000,
    "hidden_units": [
      256,
      128,
      64
    ],
    "activation_function": "relu",
    "dropout_rate": 0.1,
    "parameter_search_range": {
      "learning_rate": [
        1e-05,
        0.01
      ],
      "exploration_rate": [
        0.01,
        0.5
      ],
      "discount_factor": [
        0.9,
        0.999
      ],
      "sensor_weights": [
        0.1,
        2.0
      ],
      "strategy_temperatures": [
        0.1,
        3.0
      ]
    },
    "adaptation_rate": 0.02,
    "performance_threshold": 0.95,
    "real_data_weight": 0.7,
    "synthetic_data_weight": 0.3,
    "data_augmentation_factor": 1.5
  },
  "optimization_summary": {
    "total_iterations": 15,
    "final_best_score": 0.8700278076022867,
    "initial_score": 0.8602965152862153,
    "improvement_ratio": 0.011311556124150801,
    "convergence_iteration": 15
  },
  "best_parameters": {
    "learning_rate": 0.0002666169617223169,
    "exploration_rate": 0.1677801092873993,
    "discount_factor": 0.9959804060900609,
    "sensor_weights": [
      0.9695127573562747,
      1.0991348512499315,
      0.7604126147205839,
      0.8088894228046957,
      0.9621999748582921,
      1.1712885526493935,
      0.9437479473449334,
      1.024979377890291
    ],
    "strategy_temperatures": [
      0.9660945699384432,
      0.9357277975623229,
      0.9801435971988728,
      1.010605705796187,
      0.9730163901047905
    ]
  },
  "parameter_evolution": {
    "learning_rate": [
      0.0002666169617223169,
      0.00035316023131175137,
      0.0005772001968436125,
      0.0012369207255243002,
      0.0003315823000772896,
      0.00023262678899040875,
      0.0007198517181546196,
      0.0002224550468146076,
      0.0009251934106038766,
      0.00042440360795441376
    ],
    "exploration_rate": [
      0.1677801092873993,
      0.16389323694715324,
      0.1610284937438892,
      0.12891444260866575,
      0.1691657286632745,
      0.138775539298892,
      0.10673705051539095,
      0.13275106379496943,
      0.1273155958939857,
      0.10423839081950403
    ],
    "discount_factor": [
      0.9959804060900609,
      0.999,
      0.999,
      0.9959908112764386,
      0.999,
      0.999,
      0.9870576522117734,
      0.999,
      0.984895511093424,
      0.9888511963955028
    ],
    "sensor_weights": [
      [
        0.9695127573562747,
        1.0991348512499315,
        0.7604126147205839,
        0.8088894228046957,
        0.9621999748582921,
        1.1712885526493935,
        0.9437479473449334,
        1.024979377890291
      ],
      [
        1.066142016434576,
        1.0411866034458925,
        0.6037222497470411,
        0.8452431046530683,
        1.0456279966122568,
        1.1842487780088207,
        0.9409449268875486,
        0.8869181928401665
      ],
      [
        0.8423046184420608,
        1.084483378401563,
        0.7928211481845083,
        0.6994300840209274,
        1.124737826042294,
        1.1859142755363765,
        0.867213386143762,
        1.0095246873816104
      ],
      [
        0.7926771513682638,
        0.8978608380413513,
        0.8831974923707422,
        0.6523396105078717,
        0.8895382398743775,
        1.2186114328670878,
        1.0305643974441552,
        1.0409750255807135
      ],
      [
        0.8176672229143148,
        0.9934607608672887,
        1.0842353966942786,
        0.8271051036389282,
        1.0547019364117265,
        0.9677516512683396,
        1.0942691560158297,
        1.1034596797183651
      ],
      [
        1.1875134982801336,
        0.8954977108399057,
        0.6406636548359036,
        0.7225056115522613,
        1.1005561149764573,
        1.2814365639813194,
        0.8884907007424276,
        1.3259283484027284
      ],
      [
        0.9698221581049123,
        1.0786323310271198,
        0.7464234854649913,
        0.7088563584638327,
        1.0576403953506195,
        1.3314790178969527,
        0.8310133013518681,
        1.0858601953782219
      ],
      [
        0.8553147149799162,
        1.015660008968346,
        0.8032692172858776,
        0.8612243998009507,
        0.8873830900816996,
        1.1312609340609359,
        1.0661676685585644,
        1.0238734242429521
      ],
      [
        0.8914911878263402,
        1.2015558549996423,
        0.7286350811432132,
        0.8725505369794794,
        0.9391048077357399,
        1.2245290749695006,
        0.8737075068621385,
        0.969016537413456
      ],
      [
        0.9147022339535943,
        1.1196750962134945,
        0.860955777319425,
        0.9012239306477617,
        0.898548652453761,
        1.1632066513495938,
        1.0240457348435201,
        1.197419949318217
      ]
    ],
    "strategy_temperatures": [
      [
        0.9660945699384432,
        0.9357277975623229,
        0.9801435971988728,
        1.010605705796187,
        0.9730163901047905
      ],
      [
        1.0230808092869665,
        0.8364953546960812,
        0.8478106797355113,
        0.9172837399951033,
        1.0837110157462049
      ],
      [
        1.1382204074296536,
        0.9396506786383761,
        0.919916391354878,
        0.9487264078932515,
        0.9632838741158469
      ],
      [
        0.9964132340588363,
        1.050067135298448,
        0.9468714026155024,
        0.9851814434414267,
        1.0657298714957002
      ],
      [
        1.046514911286653,
        0.9750291456304858,
        0.9085439570166942,
        0.9488283420795127,
        0.9478275932115104
      ],
      [
        0.8955208815313364,
        0.9030321727892967,
        0.9837934089119037,
        1.0297663348677182,
        1.0711243553485703
      ],
      [
        0.8859678917528633,
        1.0070396450039643,
        0.9636888354123219,
        0.8868676627150187,
        1.0528279112175356
      ],
      [
        0.9404114221113584,
        0.9871383638581936,
        1.0144883618908538,
        0.8463260202376397,
        0.9019304301959528
      ],
      [
        1.0328347465652992,
        0.9169328023997482,
        0.9338945623692018,
        1.1125542813937672,
        0.9250730329896161
      ],
      [
        0.9972783517703285,
        0.7797167321166312,
        0.9788464236765287,
        0.9370962709108225,
        1.001858995710633
      ]
    ]
  },
  "performance_evolution": [
    0.8700278076022867,
    0.8569637440638761,
    0.8601704167002205,
    0.8547720014144631,
    0.8692518553469041,
    0.8649417306512104,
    0.8586894867183187,
    0.8677996782267527,
    0.8542958858398548,
    0.8586599630126395
  ],
  "tuning_history": [
    {
      "iteration": 1,
      "best_score": 0.8602965152862153,
      "improvement": false,
      "parameters": {
        "learning_rate": 0.0005677715384846631,
        "exploration_rate": 0.1380570130145532,
        "discount_factor": 0.9968646641776406,
        "sensor_weights": [
          1.0213742173473326,
          1.1384505489038483,
          0.9448052106735859,
          0.8090396036091784,
          1.054006961206625,
          1.0084201464012534,
          0.9286603318132403,
          1.0095156209074954
        ],
        "strategy_temperatures": [
          0.8252247818490508,
          1.043726760167516,
          0.9935705724358526,
          0.9774021388250809,
          0.8668677413273977
        ]
      }
    },
    {
      "iteration": 2,
      "best_score": 0.8518644676972835,
      "improvement": false,
      "parameters": {
        "learning_rate": 0.0006195810263748356,
        "exploration_rate": 0.14783283919965043,
        "discount_factor": 0.999,